machine,day,maintenance
M-01,Day-01,0
M-01,Day-02,0
M-01,Day-03,0
M-01,Day-04,0
M-01,Day-05,0
M-01,Day-06,0
M-01,Day-07,0
M-01,Day-08,0
M-01,Day-09,0
M-01,Day-10,0
M-01,Day-11,0
M-01,Day-12,0
M-01,Day-13,0
M-01,Day-14,0
M-01,Day-15,0
M-02,Day-01,0
M-02,Day-02,0
M-02,Day-03,0
M-02,Day-04,0
M-02,Day-05,0
M-02,Day-06,0
M-02,Day-07,0
M-02,Day-08,0
M-02,Day-09,0
M-02,Day-10,0
M-02,Day-11,0
M-02,Day-12,0
M-02,Day-13,0
M-02,Day-14,0
M-02,Day-15,0
M-03,Day-01,0
M-03,Day-02,0
M-03,Day-03,0
M-03,Day-04,0
M-03,Day-05,0
M-03,Day-06,0
M-03,Day-07,0
M-03,Day-08,0
M-03,Day-09,0
M-03,Day-10,0
M-03,Day-11,0
M-03,Day-12,0
M-03,Day-13,0
M-03,Day-14,0
M-03,Day-15,0
M-04,Day-01,0
M-04,Day-02,0
M-04,Day-03,0
M-04,Day-04,0
M-04,Day-05,0
M-04,Day-06,0
M-04,Day-07,0
M-04,Day-08,0
M-04,Day-09,0
M-04,Day-10,0
M-04,Day-11,0
M-04,Day-12,0
M-04,Day-13,0
M-04,Day-14,0
M-04,Day-15,0
M-05,Day-01,0
M-05,Day-02,0
M-05,Day-03,0
M-05,Day-04,0
M-05,Day-05,0
M-05,Day-06,0
M-05,Day-07,0
M-05,Day-08,0
M-05,Day-09,0
M-05,Day-10,0
M-05,Day-11,0
M-05,Day-12,0
M-05,Day-13,0
M-05,Day-14,0
M-05,Day-15,0
M-06,Day-01,0
M-06,Day-02,0
M-06,Day-03,0
M-06,Day-04,0
M-06,Day-05,0
M-06,Day-06,0
M-06,Day-07,0
M-06,Day-08,0
M-06,Day-09,0
M-06,Day-10,0
M-06,Day-11,0
M-06,Day-12,0
M-06,Day-13,0
M-06,Day-14,0
M-06,Day-15,0
M-07,Day-01,0
M-07,Day-02,0
M-07,Day-03,0
M-07,Day-04,0
M-07,Day-05,0
M-07,Day-06,0
M-07,Day-07,0
M-07,Day-08,0
M-07,Day-09,0
M-07,Day-10,0
M-07,Day-11,0
M-07,Day-12,0
M-07,Day-13,0
M-07,Day-14,0
M-07,Day-15,0
M-08,Day-01,0
M-08,Day-02,0
M-08,Day-03,0
M-08,Day-04,0
M-08,Day-05,0
M-08,Day-06,0
M-08,Day-07,0
M-08,Day-08,0
M-08,Day-09,0
M-08,Day-10,0
M-08,Day-11,0
M-08,Day-12,0
M-08,Day-13,0
M-08,Day-14,0
M-08,Day-15,0
M-09,Day-01,0
M-09,Day-02,0
M-09,Day-03,0
M-09,Day-04,0
M-09,Day-05,0
M-09,Day-06,0
M-09,Day-07,0
M-09,Day-08,0
M-09,Day-09,0
M-09,Day-10,0
M-09,Day-11,0
M-09,Day-12,0
M-09,Day-13,0
M-09,Day-14,0
M-09,Day-15,0
M-10,Day-01,0
M-10,Day-02,0
M-10,Day-03,0
M-10,Day-04,0
M-10,Day-05,0
M-10,Day-06,0
M-10,Day-07,0
M-10,Day-08,0
M-10,Day-09,0
M-10,Day-10,0
M-10,Day-11,0
M-10,Day-12,0
M-10,Day-13,0
M-10,Day-14,0
M-10,Day-15,0
M-11,Day-01,0
M-11,Day-02,0
M-11,Day-03,0
M-11,Day-04,0
M-11,Day-05,0
M-11,Day-06,0
M-11,Day-07,0
M-11,Day-08,0
M-11,Day-09,0
M-11,Day-10,0
M-11,Day-11,0
M-11,Day-12,0
M-11,Day-13,0
M-11,Day-14,0
M-11,Day-15,0
M-12,Day-01,0
M-12,Day-02,0
M-12,Day-03,0
M-12,Day-04,0
M-12,Day-05,0
M-12,Day-06,0
M-12,Day-07,0
M-12,Day-08,0
M-12,Day-09,0
M-12,Day-10,0
M-12,Day-11,0
M-12,Day-12,0
M-12,Day-13,0
M-12,Day-14,0
M-12,Day-15,0
M-13,Day-01,0
M-13,Day-02,0
M-13,Day-03,0
M-13,Day-04,0
M-13,Day-05,0
M-13,Day-06,0
M-13,Day-07,0
M-13,Day-08,0
M-13,Day-09,0
M-13,Day-10,0
M-13,Day-11,0
M-13,Day-12,0
M-13,Day-13,0
M-13,Day-14,0
M-13,Day-15,0
M-14,Day-01,0
M-14,Day-02,0
M-14,Day-03,0
M-14,Day-04,0
M-14,Day-05,0
M-14,Day-06,0
M-14,Day-07,0
M-14,Day-08,0
M-14,Day-09,0
M-14,Day-10,0
M-14,Day-11,0
M-14,Day-12,0
M-14,Day-13,0
M-14,Day-14,0
M-14,Day-15,0
M-15,Day-01,0
M-15,Day-02,0
M-15,Day-03,0
M-15,Day-04,0
M-15,Day-05,0
M-15,Day-06,0
M-15,Day-07,0
M-15,Day-08,0
M-15,Day-09,0
M-15,Day-10,0
M-15,Day-11,0
M-15,Day-12,0
M-15,Day-13,0
M-15,Day-14,0
M-15,Day-15,0
M-16,Day-01,0
M-16,Day-02,0
M-16,Day-03,0
M-16,Day-04,0
M-16,Day-05,0
M-16,Day-06,0
M-16,Day-07,0
M-16,Day-08,0
M-16,Day-09,0
M-16,Day-10,0
M-16,Day-11,0
M-16,Day-12,0
M-16,Day-13,0
M-16,Day-14,0
M-16,Day-15,0
M-17,Day-01,0
M-17,Day-02,0
M-17,Day-03,0
M-17,Day-04,0
M-17,Day-05,0
M-17,Day-06,0
M-17,Day-07,0
M-17,Day-08,0
M-17,Day-09,0
M-17,Day-10,0
M-17,Day-11,0
M-17,Day-12,0
M-17,Day-13,0
M-17,Day-14,0
M-17,Day-15,0
M-18,Day-01,0
M-18,Day-02,0
M-18,Day-03,0
M-18,Day-04,0
M-18,Day-05,0
M-18,Day-06,0
M-18,Day-07,0
M-18,Day-08,0
M-18,Day-09,0
M-18,Day-10,0
M-18,Day-11,0
M-18,Day-12,0
M-18,Day-13,0
M-18,Day-14,0
M-18,Day-15,0
M-19,Day-01,0
M-19,Day-02,0
M-19,Day-03,0
M-19,Day-04,0
M-19,Day-05,0
M-19,Day-06,0
M-19,Day-07,0
M-19,Day-08,0
M-19,Day-09,0
M-19,Day-10,0
M-19,Day-11,0
M-19,Day-12,0
M-19,Day-13,0
M-19,Day-14,0
M-19,Day-15,0
M-20,Day-01,0
M-20,Day-02,0
M-20,Day-03,0
M-20,Day-04,0
M-20,Day-05,0
M-20,Day-06,0
M-20,Day-07,0
M-20,Day-08,0
M-20,Day-09,0
M-20,Day-10,0
M-20,Day-11,0
M-20,Day-12,0
M-20,Day-13,0
M-20,Day-14,0
M-20,Day-15,0
M-21,Day-01,0
M-21,Day-02,0
M-21,Day-03,0
M-21,Day-04,0
M-21,Day-05,0
M-21,Day-06,0
M-21,Day-07,0
M-21,Day-08,0
M-21,Day-09,0
M-21,Day-10,0
M-21,Day-11,0
M-21,Day-12,0
M-21,Day-13,0
M-21,Day-14,0
M-21,Day-15,0
M-22,Day-01,0
M-22,Day-02,0
M-22,Day-03,0
M-22,Day-04,0
M-22,Day-05,0
M-22,Day-06,0
M-22,Day-07,0
M-22,Day-08,0
M-22,Day-09,0
M-22,Day-10,0
M-22,Day-11,0
M-22,Day-12,0
M-22,Day-13,0
M-22,Day-14,0
M-22,Day-15,0
M-23,Day-01,0
M-23,Day-02,0
M-23,Day-03,0
M-23,Day-04,0
M-23,Day-05,0
M-23,Day-06,0
M-23,Day-07,0
M-23,Day-08,0
M-23,Day-09,0
M-23,Day-10,0
M-23,Day-11,0
M-23,Day-12,0
M-23,Day-13,0
M-23,Day-14,0
M-23,Day-15,0
M-24,Day-01,0
M-24,Day-02,0
M-24,Day-03,0
M-24,Day-04,0
M-24,Day-05,0
M-24,Day-06,0
M-24,Day-07,0
M-24,Day-08,0
M-24,Day-09,0
M-24,Day-10,0
M-24,Day-11,0
M-24,Day-12,0
M-24,Day-13,0
M-24,Day-14,0
M-24,Day-15,0
M-25,Day-01,0
M-25,Day-02,0
M-25,Day-03,0
M-25,Day-04,0
M-25,Day-05,0
M-25,Day-06,0
M-25,Day-07,0
M-25,Day-08,0
M-25,Day-09,0
M-25,Day-10,0
M-25,Day-11,0
M-25,Day-12,0
M-25,Day-13,0
M-25,Day-14,0
M-25,Day-15,0
M-26,Day-01,0
M-26,Day-02,0
M-26,Day-03,0
M-26,Day-04,0
M-26,Day-05,0
M-26,Day-06,0
M-26,Day-07,0
M-26,Day-08,0
M-26,Day-09,0
M-26,Day-10,0
M-26,Day-11,0
M-26,Day-12,0
M-26,Day-13,0
M-26,Day-14,0
M-26,Day-15,0
M-27,Day-01,0
M-27,Day-02,0
M-27,Day-03,0
M-27,Day-04,0
M-27,Day-05,0
M-27,Day-06,0
M-27,Day-07,0
M-27,Day-08,0
M-27,Day-09,0
M-27,Day-10,0
M-27,Day-11,0
M-27,Day-12,0
M-27,Day-13,0
M-27,Day-14,0
M-27,Day-15,0
M-28,Day-01,0
M-28,Day-02,0
M-28,Day-03,0
M-28,Day-04,0
M-28,Day-05,0
M-28,Day-06,0
M-28,Day-07,0
M-28,Day-08,0
M-28,Day-09,0
M-28,Day-10,0
M-28,Day-11,0
M-28,Day-12,0
M-28,Day-13,0
M-28,Day-14,0
M-28,Day-15,0
M-29,Day-01,0
M-29,Day-02,0
M-29,Day-03,0
M-29,Day-04,0
M-29,Day-05,0
M-29,Day-06,0
M-29,Day-07,0
M-29,Day-08,0
M-29,Day-09,0
M-29,Day-10,0
M-29,Day-11,0
M-29,Day-12,0
M-29,Day-13,0
M-29,Day-14,0
M-29,Day-15,0
M-30,Day-01,0
M-30,Day-02,0
M-30,Day-03,0
M-30,Day-04,0
M-30,Day-05,0
M-30,Day-06,0
M-30,Day-07,0
M-30,Day-08,0
M-30,Day-09,0
M-30,Day-10,0
M-30,Day-11,0
M-30,Day-12,0
M-30,Day-13,0
M-30,Day-14,0
M-30,Day-15,0